"Name","DOMES","Status","Country","GNSS Antenna","GNSS Receiver"
"ACOR00ESP","13434M001","active","Spain (ESP)","LEIAT504","LEICA GR50"
"ADAR00GBR","19161M001","active","United Kingdom of Great Britain and Northern Ireland (the) (GBR)","LEIAR20","SEPT POLARX5"
"AGRN00ITA","19584M002","active","Italy (ITA)","LEIAR20","LEICA GR30"
"AJAC00FRA","10077M005","active","France (FRA)","TRM115000.00","LEICA GR50"
"ALAC00ESP","13433M001","active","Spain (ESP)","LEIAR25.R3","LEICA GR50"
"ALBA00ESP","13452M001","active","Spain (ESP)","LEIAR25.R3","LEICA GR50"
"ALCI00UKR","12371S001","decommissioned","Ukraine (UKR)","TRM41249.00","TRIMBLE 5700"
"ALKS00LVA","10731M002","active","Latvia (LVA)","LEIAR20","LEICA GR30"
"ALME00ESP","13437M001","active","Spain (ESP)","TRM29659.00","TRIMBLE NETR9"
"AMMN00JOR","22201M001","decommissioned","Jordan (JOR)","ASH700936D_M","ASHTECH Z-XII3"
"ANK200TUR","20818M001","active","Turkey (TUR)","TRM115000.00","TRIMBLE NETR9"
"ANKR00TUR","20805M002","decommissioned","Turkey (TUR)","LEIAR10","LEICA GR30"
"AQUI00ITA","12757M001","active","Italy (ITA)","LEIAR20","LEICA GR30"
"ARA200SVN","14503M002","active","Slovenia (SVN)","LEIAR20","LEICA GR25"
"ARGI00FRO","10117M002","active","Faroe Islands (the) (FRO)","TRM57971.00","TRIMBLE NETR9"
"ARIS00GBR","19190M001","active","United Kingdom of Great Britain and Northern Ireland (the) (GBR)","LEIAR25","TRIMBLE ALLOY"
"ARJ600SWE","10428M002","active","Sweden (SWE)","TPSCR.G5","TRIMBLE ALLOY"
"ASGA00CYP","25401M001","active","Cyprus (CYP)","TRM159900.00","TRIMBLE ALLOY"
"ASIR00ITA","14668M001","active","Italy (ITA)","LEIAR20","LEICA GR30"
"AUBG00DEU","10913M001","active","Germany (DEU)","LEIAR25.R3","JAVAD TRE_3S DELTA"
"AUT100GRC","12619M002","active","Greece (GRC)","LEIAT504","LEICA GRX1200PRO"
"AUTN00FRA","10080M001","active","France (FRA)","TRM57971.00","LEICA GR50"
"AXPV00FRA","10057M001","active","France (FRA)","TRM57971.00","LEICA GR50"
"BACA00ROU","11405M001","active","Romania (ROU)","LEIAR20","LEICA GR50"
"BADH00DEU","14288M001","active","Germany (DEU)","LEIAR10","LEICA GR50"
"BAIA00ROU","11406M001","active","Romania (ROU)","LEIAR20","LEICA GR50"
"BAUT00DEU","14102M001","active","Germany (DEU)","LEIAR25.R3","JAVAD TRE_3 DELTA"
"BBYS00SVK","11514M001","active","Slovakia (SVK)","TRM59800.00","TRIMBLE NETR9"
"BCLN00ESP","13412M001","active","Spain (ESP)","LEIAR25.R4","LEICA GR10"
"BELF00GBR","13240M001","decommissioned","United Kingdom of Great Britain and Northern Ireland (the) (GBR)","LEIAT504GG","LEICA GRX1200GGPRO"
"BELL00ESP","13431M001","active","Spain (ESP)","LEIAR25.R4","LEICA GR50"
"BFST00GBR","15202M001","active","United Kingdom of Great Britain and Northern Ireland (the) (GBR)","LEIAR25.R3","LEICA GR50"
"BIRG00ITA","14613M001","active","Italy (ITA)","LEIAR20","LEICA GR30"
"BISK00CZE","11520M001","active","Czechia (CZE)","ASH701946.2","TPS NETG3"
"BME100HUN","11209M002","active","Hungary (HUN)","CHCC220GR2","CHC P5E"
"BOGE00POL","12207M004","active","Poland (POL)","LEIAR20","LEICA GR30"
"BOGI00POL","12207M003","active","Poland (POL)","TPSCR.G5","JAVAD TRE_G3T DELTA"
"BOGO00POL","12207M002","active","Poland (POL)","ASH700936C_M","JPS EGGDT"
"BOLG00ITA","12771M001","active","Italy (ITA)","LEIAR20","LEICA GR50"
"BOR100POL","12205M002","active","Poland (POL)","TRM59800.00","TRIMBLE NETR9"
"BORJ00DEU","14268M002","active","Germany (DEU)","LEIAR25.R4","JAVAD TRE_3S DELTA"
"BORK00DEU","14268M001","decommissioned","Germany (DEU)","TRM29659.00","TRIMBLE 4700"
"BORR00ESP","13480M001","active","Spain (ESP)","TRM59900.00","TRIMBLE NETR9"
"BPDL00POL","12223M001","active","Poland (POL)","TRM159900.00","TRIMBLE ALLOY"
"BRMF00FRA","19686M002","active","France (FRA)","TRM57971.00","LEICA GR50"
"BRMG00DEU","10918M001","active","Germany (DEU)","LEIAR25.R4","JAVAD TRE_3S DELTA"
"BRON00FRA","19686M001","decommissioned","France (FRA)","TRM57971.00","LEICA GR25"
"BRST00FRA","10004M004","active","France (FRA)","TRM57971.00","TRIMBLE ALLOY"
"BRTS00BLR","14804M001","active","Belarus (BLR)","LEIAR25.R4","LEICA GR30"
"BRUS00BEL","13101M004","decommissioned","Belgium (BEL)","ASH701945B_M","ASHTECH Z-XII3T"
"BRUX00BEL","13101M010","active","Belgium (BEL)","JAVRINGANT_DM","SEPT POLARX5TR"
"BSCN00FRA","10028M007","active","France (FRA)","TRM57971.00","LEICA GR50"
"BSVZ00ITA","12718M004","active","Italy (ITA)","LEIAR20","LEICA GR30"
"BUCU00ROU","11401M001","active","Romania (ROU)","LEIAR25.R4","LEICA GR50"
"BUDD00DNK","10101S001","active","Denmark (DNK)","LEIAR25.R4","SEPT POLARX5"
"BUDP00DNK","10101M003","active","Denmark (DNK)","ASH701941.B","SEPT POLARX5"
"BUTE00HUN","11209M001","active","Hungary (HUN)","LEIAR25.R4","LEICA GR50"
"BYDG00POL","12224M001","active","Poland (POL)","TRM59900.00","TRIMBLE ALLOY"
"BZR200ITA","12751M003","active","Italy (ITA)","LEIAR25.R4","LEICA GR30"
"BZRG00ITA","12751M001","decommissioned","Italy (ITA)","LEIAR25.R4","LEICA GRX1200+GNSS"
"CACE00ESP","13447M001","active","Spain (ESP)","TRM29659.00","TRIMBLE NETR9"
"CAEN00FRA","19994M001","decommissioned","France (FRA)","TRM57971.00","LEICA GR25"
"CAG100ITA","12702M002","active","Italy (ITA)","TPSPN.A5","TPS NET-G5"
"CAGL00ITA","12725M003","decommissioned","Italy (ITA)","TRM29659.00","TRIMBLE 4700"
"CAGZ00ITA","12725M004","decommissioned","Italy (ITA)","JPSREGANT_DD_E2","TPS E_GGD"
"CAKO00HRV","11906M001","active","Croatia (HRV)","TRM115000.00","TRIMBLE ALLOY"
"CAME00ITA","12754M001","decommissioned","Italy (ITA)","TRM29659.00","TRIMBLE 4000SSI"
"CANT00ESP","13438M001","active","Spain (ESP)","LEIAR25.R4","LEICA GR10"
"CARG00ESP","19412M001","active","Spain (ESP)","LEIAR20","LEICA GR50"
"CASB00IRL","13619M002","decommissioned","Ireland (IRL)","LEIAT504GG","LEICA GRX1200GGPRO"
"CASC00PRT","13909S001","active","Portugal (PRT)","TRM159900.00","TRIMBLE ALLOY"
"CASE00ESP","13494M001","active","Spain (ESP)","LEIAR25.R4","LEICA GR50"
"CEBR00ESP","13408M001","active","Spain (ESP)","SEPCHOKE_B3E6","SEPT POLARX5TR"
"CEU100ESP","13449M002","active","Spain (ESP)","TRM59900.00","TRIMBLE NETR9"
"CEUT00ESP","13449M001","decommissioned","Spain (ESP)","TRM29659.00","TRIMBLE NETRS"
"CFRM00CZE","11525M001","active","Czechia (CZE)","LEIAR25.R4","LEICA GR30"
"CHIO00GBR","19194M001","active","United Kingdom of Great Britain and Northern Ireland (the) (GBR)","LEIAR25","SEPT POLARX5"
"CHIZ00FRA","10020M001","active","France (FRA)","ASH701945B_M","LEICA GR25"
"CIMO00ITA","14608M001","active","Italy (ITA)","LEIAR20","LEICA GR30"
"CLIB00CZE","11526M001","active","Czechia (CZE)","LEIAR25.R4","LEICA GR30"
"CMEL00ITA","14609M001","active","Italy (ITA)","LEIAR20","LEICA GR30"
"CNIV00UKR","15501M001","active","Ukraine (UKR)","LEIAR10","LEICA GR10"
"COBA00ESP","13453M001","active","Spain (ESP)","LEIAR20","LEICA GR50"
"COMO00ITA","12761M001","active","Italy (ITA)","STXSA1200","STONEX SC2200"
"COST00ROU","11407M001","active","Romania (ROU)","LEIAR20","LEICA GR50"
"CPAR00CZE","11527M001","active","Czechia (CZE)","LEIAR25.R4","LEICA GR30"
"CRAK00CZE","11528M001","active","Czechia (CZE)","LEIAR25.R4","LEICA GR30"
"CREI00FRA","10016M001","decommissioned","France (FRA)","TRM57971.00","TRIMBLE NETR9"
"CREU00ESP","13432M001","active","Spain (ESP)","LEIAR25.R4","LEICA GR50"
"CTAB00CZE","11529M001","active","Czechia (CZE)","LEIAR25.R4","LEICA GR30"
"CUGA00ITA","18494M001","active","Italy (ITA)","LEIAR20","LEICA GR30"
"DARE00GBR","13208S001","active","United Kingdom of Great Britain and Northern Ireland (the) (GBR)","LEIAR10","TRIMBLE ALLOY"
"DELF00NLD","13502M004","active","Netherlands (the) (NLD)","SEPCHOKE_B3E6","SEPT POLARX5E"
"DENT00BEL","13112M001","active","Belgium (BEL)","TRM59800.00","SEPT POLARX5"
"DEVA00ROU","11408M001","active","Romania (ROU)","LEIAR20","LEICA GR50"
"DGOR00MNE","12001M001","active","Montenegro (MNE)","CNTAT350","COMNAV M300 MINI"
"DIEP00DEU","14287M001","active","Germany (DEU)","LEIAR25.R4","JAVAD TRE_3L DELTA"
"DILL00DEU","14286M001","active","Germany (DEU)","LEIAR25.R4","JAVAD TRE_3S DELTA"
"DLF100NLD","13502M009","active","Netherlands (the) (NLD)","LEIAR25.R3","TRIMBLE ALLOY"
"DLKS00LVA","10704M003","active","Latvia (LVA)","LEIAR20","LEICA GR30"
"DNMU00UKR","12369M001","active","Ukraine (UKR)","LEIAR10","LEICA GR50"
"DOUR00BEL","13113M001","active","Belgium (BEL)","LEIAR25.R3","SEPT POLARX5"
"DRAG00ISR","20710S001","active","Israel (ISR)","ASH700936D_M","JAVAD TRE_3 DELTA"
"DRES00DEU","14108M001","decommissioned","Germany (DEU)","LEIAR25.R3","JAVAD TRE_G3TH DELTA"
"DUB200HRV","11901M002","active","Croatia (HRV)","TRM115000.00","TRIMBLE ALLOY"
"DUBR00HRV","11901M001","decommissioned","Croatia (HRV)","TRM55971.00","TRIMBLE NETR5"
"DUTH00GRC","12621M001","active","Greece (GRC)","LEIAT504GG","LEICA GRX1200GGPRO"
"DVCN00SVK","11709M001","active","Slovakia (SVK)","TRM115000.00","TRIMBLE ALLOY"
"DYNG00GRC","12602M006","active","Greece (GRC)","TRM59800.00","SEPT POLARX5"
"EBRE00ESP","13410M001","active","Spain (ESP)","LEIAR25.R4","LEICA GR50"
"EDIN00GBR","13217S001","decommissioned","United Kingdom of Great Britain and Northern Ireland (the) (GBR)","LEIAR25","SEPT POLARX5"
"EGLT00FRA","10032M001","active","France (FRA)","TRM57971.00","LEICA GR50"
"EIJS00NLD","13533M001","active","Netherlands (the) (NLD)","LEIAR25.R4","SEPT POLARX5E"
"EKAR00ITA","12714M003","active","Italy (ITA)","LEIAR20","LEICA GR30"
"ELBA00ITA","12721M002","active","Italy (ITA)","LEIAR20","LEICA GR30"
"ENAO00PRT","31902M005","active","Portugal (PRT)","JAVRINGANT_G5T","JAVAD TRE_3"
"ENIS00GBR","13246M001","active","United Kingdom of Great Britain and Northern Ireland (the) (GBR)","LEIAT504GG","LEICA GR25"
"ENTZ00FRA","10014M002","active","France (FRA)","TRM55971.00","LEICA GR50"
"ENZA00ITA","14612M001","active","Italy (ITA)","LEIAR20","LEICA GR30"
"ESCO00ESP","13435M001","active","Spain (ESP)","LEIAR25.R4","LEICA GR50"
"EUSK00DEU","14258M003","active","Germany (DEU)","LEIAR25.R4","SEPT POLARX5E"
"EVPA00UKR","12344M001","decommissioned","Ukraine (UKR)","NOV702GG","NOV OEMV3"
"FATA00ITA","12773M001","decommissioned","Italy (ITA)","LEIAT504","LEICA RS500"
"FFMJ00DEU","14279M001","active","Germany (DEU)","LEIAR25.R3","JAVAD TRE_3 DELTA"
"FINS00FIN","10523M001","active","Finland (FIN)","JAVRINGANT_DM","JAVAD TRE_3 DELTA"
"FLRS00PRT","31907M001","active","Portugal (PRT)","TRM159900.00","TRIMBLE ALLOY"
"FOYL00GBR","13241M001","active","United Kingdom of Great Britain and Northern Ireland (the) (GBR)","LEIAT504GG","LEICA GR25"
"FRA200UKR","15538M002","active","Ukraine (UKR)","TRM55971.00","TRIMBLE NETR9"
"FRNE00ITA","14607M001","active","Italy (ITA)","LEIAR20","LEICA GR30"
"FUNC00PRT","13911S001","active","Portugal (PRT)","TRM159900.00","TRIMBLE ALLOY"
"GAIA00PRT","13902M001","active","Portugal (PRT)","TRM159900.00","TRIMBLE ALLOY"
"GALH00ITA","18490M001","active","Italy (ITA)","LEIAR20","LEICA GR30"
"GANP00SVK","11515M001","active","Slovakia (SVK)","TRM59800.00","TRIMBLE ALLOY"
"GARI00ITA","19517M001","active","Italy (ITA)","TPSCR.G3","TPS NET-G5"
"GDRS00UKR","15595M001","decommissioned","Ukraine (UKR)","NOV702GG","NOV OEMV3"
"GELL00DEU","10908M001","active","Germany (DEU)","LEIAR25.R3","JAVAD TRE_3 DELTA"
"GENO00ITA","12712M002","active","Italy (ITA)","LEIAR20","LEICA GR30"
"GJML00SRB","12121M001","active","Serbia (SRB)","TRM115000.00","TRIMBLE NETR9"
"GLSV00UKR","12356M001","active","Ukraine (UKR)","TRM115000.00","TRIMBLE NETR9"
"GOET00DEU","10906M001","active","Germany (DEU)","LEIAR25.R4","JAVAD TRE_3S DELTA"
"GOML00BLR","14803M001","active","Belarus (BLR)","LEIAR25.R4","LEICA GR30"
"GOP600CZE","11502M006","active","Czechia (CZE)","SEPCHOKE_B3E6","SEPT POLARX5"
"GOPE00CZE","11502M002","active","Czechia (CZE)","TPSCR.G3","TRIMBLE ALLOY"
"GOR200DEU","14115M002","active","Germany (DEU)","LEIAR25.R3","JAVAD TRE_3L DELTA"
"GRAC00FRA","10002M010","active","France (FRA)","TRM57971.00","LEICA GR50"
"GRAS00FRA","10002M006","active","France (FRA)","ASH701945E_M","TRIMBLE NETR9"
"GRAZ00AUT","11001M002","active","Austria (AUT)","LEIAR25.R4","SEPT POLARX5"
"GSR100SVN","14501M001","active","Slovenia (SVN)","LEIAR20","LEICA GR30"
"GUIP00FRA","10004M501","active","France (FRA)","TRM57971.00","LEICA GR50"
"GVDG00GRC","12618M003","active","Greece (GRC)","TRM159900.00","SEPT POLARX5"
"GVNL00ITA","18546M002","active","Italy (ITA)","EML_REACH_RS2+","EMLID REACH RS2+"
"GWWL00POL","12225M001","active","Poland (POL)","TRM59900.00","TRIMBLE ALLOY"
"HAS600SWE","10429M002","active","Sweden (SWE)","LEIAR25.R3","TRIMBLE ALLOY"
"HEL200DEU","14264M002","active","Germany (DEU)","LEIAR25.R4","JAVAD TRE_3L DELTA"
"HELG00DEU","14264M001","active","Germany (DEU)","LEIAR25.R4","JAVAD TRE_3S DELTA"
"HERS00GBR","13212M007","active","United Kingdom of Great Britain and Northern Ireland (the) (GBR)","LEIAR25.R3","SEPT POLARX5TR"
"HERT00GBR","13212M010","active","United Kingdom of Great Britain and Northern Ireland (the) (GBR)","LEIAT504GG","LEICA GRX1200GGPRO"
"HETT00FIN","10524M001","active","Finland (FIN)","JAVRINGANT_DM","JAVAD TRE_3 DELTA"
"HFL200AUT","11006M003","decommissioned","Austria (AUT)","TRM29659.00","TRIMBLE NETRS"
"HFLK00AUT","11006S003","decommissioned","Austria (AUT)","TRM29659.00","TRIMBLE NETRS"
"HOBU00DEU","14202M003","active","Germany (DEU)","LEIAR25.R4","SEPT POLARX5"
"HOE200DEU","14284M002","decommissioned","Germany (DEU)","LEIAR25.R4","JAVAD TRE_G3TH DELTA"
"HOER00DEU","14284M001","decommissioned","Germany (DEU)","TPSCR3_GGD","JPS LEGACY"
"HOFJ00DEU","14289M001","active","Germany (DEU)","LEIAR25.R4","JAVAD TRE_3 DELTA"
"HOFN00ISL","10204M002","active","Iceland (ISL)","LEIAR25.R4","LEICA GR50"
"HUEL00ESP","13451M001","active","Spain (ESP)","LEIAR20","LEICA GR50"
"IAVH00MAR","35001M001","decommissioned","Morocco (MAR)","AOAD/M_T","ROGUE SNR-8000"
"IBIZ00ESP","13454S001","active","Spain (ESP)","TPSCR3_GGD","LEICA GR25"
"IENG00ITA","12724S001","active","Italy (ITA)","SEPCHOKE_MC","SEPT POLARX5TR"
"IGD100GRC","12605M001","decommissioned","Greece (GRC)","LEIAT504","LEICA GRX1200PRO"
"IGEO00MDA","15101M001","active","Moldova (the Republic of) (MDA)","LEIAR10","LEICA GR10"
"IGM200ITA","12701M005","active","Italy (ITA)","LEIAR25.R4","LEICA GR30"
"IGMI00ITA","12701M003","active","Italy (ITA)","STXSA1500","STONEX SC2200"
"IGNF00FRA","10001M009","active","France (FRA)","TRM57971.00","LEICA GR50"
"IJMU00NLD","13537M001","active","Netherlands (the) (NLD)","LEIAR25.R4","TRIMBLE ALLOY"
"ILDX00FRA","19724M001","active","France (FRA)","TRM57971.00","LEICA GR50"
"INVE00GBR","13221S001","decommissioned","United Kingdom of Great Britain and Northern Ireland (the) (GBR)","ASH700936E","LEICA SR530"
"INVR00GBR","13221M001","active","United Kingdom of Great Britain and Northern Ireland (the) (GBR)","LEIAR10","SEPT POLARX5"
"IRBE00LVA","10726M001","active","Latvia (LVA)","LEIAR25","LEICA GR30"
"ISRN00ITA","14669M001","active","Italy (ITA)","LEIAR20","LEICA GR30"
"ISTA00TUR","20807M001","active","Turkey (TUR)","LEIAR25.R4","LEICA GR25"
"IZAN00ESP","31309M002","active","Spain (ESP)","LEIAT504GG","LEICA GR50"
"IZMI00TUR","20817M001","active","Turkey (TUR)","TRM115000.00","TRIMBLE ALLOY"
"IZRS00UKR","18115M002","decommissioned","Ukraine (UKR)","NOV702GG","NOV OEMV3"
"JATE00ITA","14601M001","active","Italy (ITA)","LEIAR20","LEICA GR30"
"JOE200FIN","10512M002","active","Finland (FIN)","JAVRINGANT_DM","JAVAD TRE_3 DELTA"
"JOEN00FIN","10512M001","active","Finland (FIN)","ASH700936A_M","JAVAD TRE_3 DELTA"
"JON600SWE","10430M002","active","Sweden (SWE)","LEIAR25.R3","TRIMBLE ALLOY"
"JOZ200POL","12204M002","active","Poland (POL)","TRM59800.00","TRIMBLE NETR9"
"JOZE00POL","12204M001","active","Poland (POL)","SEPCHOKE_B3E6","SEPT POLARX5"
"KAD600SWE","10431M002","active","Sweden (SWE)","LEIAR25.R3","TRIMBLE ALLOY"
"KARL00DEU","14216M001","active","Germany (DEU)","LEIAR25.R4","JAVAD TRE_3 DELTA"
"KATO00POL","12219S001","active","Poland (POL)","TRM59900.00","TRIMBLE ALLOY"
"KDA200SVN","14504M002","active","Slovenia (SVN)","LEIAR20","LEICA GR25"
"KELY00GRL","43005M002","decommissioned","Greenland (GRL)","TRM59800.00","ALERTGEO RESOLUTE"
"KEV200FIN","10515M002","active","Finland (FIN)","JAVRINGANT_DM","JAVAD TRE_3 DELTA"
"KHAR00UKR","12314M001","active","Ukraine (UKR)","NOV702GG","NOV OEMV3"
"KILP00FIN","10525M001","active","Finland (FIN)","JAVRINGANT_DM","JAVAD TRE_3 DELTA"
"KIR000SWE","10422M001","active","Sweden (SWE)","JAVRINGANT_DM","SEPT POLARX5"
"KIR800SWE","10422M002","active","Sweden (SWE)","LEIAR25.R3","TRIMBLE ALLOY"
"KIRU00SWE","10403M002","active","Sweden (SWE)","SEPCHOKE_B3E6","SEPT POLARX5TR"
"KIV200FIN","10516M002","active","Finland (FIN)","JAVRINGANT_DM","JAVAD TRE_3 DELTA"
"KLAD00SRB","12126M001","active","Serbia (SRB)","TRM41249.00","TRIMBLE NETR9"
"KLNK00BLR","14810M001","active","Belarus (BLR)","LEIAR10","LEICA GR30"
"KLOP00DEU","14214M002","active","Germany (DEU)","LEIAR20","LEICA GR50"
"KLSQ00GRL","43015M001","active","Greenland (GRL)","LEIAR25.R4","SEPT POLARX5"
"KNJA00SRB","12113M001","active","Serbia (SRB)","TRM41249.00","TRIMBLE NETR9"
"KOS100NLD","13504M005","active","Netherlands (the) (NLD)","LEIAR25.R3","SEPT POLARX5E"
"KOSG00NLD","13504M003","decommissioned","Netherlands (the) (NLD)","AOAD/M_B","LEICA GRX1200GGPRO"
"KRA100POL","12218M002","active","Poland (POL)","TRM57971.00","TRIMBLE ALLOY"
"KRAW00POL","12218M001","active","Poland (POL)","ASH701945C_M","LEICA GRX1200GGPRO"
"KRRS00UKR","15597M001","active","Ukraine (UKR)","TRM105000.10","TRIMBLE R9S"
"KRS100TUR","20816M001","active","Turkey (TUR)","TRM55971.00","TRIMBLE NETR5"
"KTVL00UKR","12337M003","active","Ukraine (UKR)","NOV702GG","NOV OEMV3"
"KUNZ00CZE","11524M001","active","Czechia (CZE)","TRM57971.00","TRIMBLE ALLOY"
"KURE00EST","10604S001","active","Estonia (EST)","LEIAR25.R4","LEICA GR50"
"KUU200FIN","10517M002","active","Finland (FIN)","JAVRINGANT_DM","JAVAD TRE_3 DELTA"
"LAGO00PRT","13903M001","active","Portugal (PRT)","TRM159900.00","TRIMBLE ALLOY"
"LAMA00POL","12209M001","active","Poland (POL)","LEIAR20","LEICA GR50"
"LAMP00ITA","12706M002","active","Italy (ITA)","LEIAR20","LEICA GR10"
"LARM00GRC","12610M002","active","Greece (GRC)","LEIAR25","LEICA GRX1200+GNSS"
"LCRA00ITA","18491M001","active","Italy (ITA)","LEIAR20","LEICA GR30"
"LDB200DEU","14114M002","active","Germany (DEU)","LEIAR25.R4","JAVAD TRE_3 DELTA"
"LEIJ00DEU","14267M001","active","Germany (DEU)","LEIAR25.R4","JAVAD TRE_3 DELTA"
"LEK600SWE","10433M002","active","Sweden (SWE)","LEIAR20","TRIMBLE ALLOY"
"LEON00ESP","13475M001","active","Spain (ESP)","LEIAR25","LEICA GR50"
"LERI00GBR","19159M003","active","United Kingdom of Great Britain and Northern Ireland (the) (GBR)","LEIAR25","TRIMBLE ALLOY"
"LESK00SRB","12129M001","active","Serbia (SRB)","TRM41249.00","TRIMBLE NETR9"
"LICC00GBR","15201M001","active","United Kingdom of Great Britain and Northern Ireland (the) (GBR)","CHCC220GR2","CHC P5E"
"LIDA00BLR","14806M001","active","Belarus (BLR)","LEIAR25.R4","LEICA GR30"
"LIGN00ITA","18496M001","active","Italy (ITA)","LEIAR20","LEICA GR30"
"LIL200FRA","10051M003","active","France (FRA)","TRM57971.00","LEICA GR50"
"LILL00FRA","10051M001","decommissioned","France (FRA)","LEIAT504","LEICA CRS1000"
"LINZ00AUT","11033S001","active","Austria (AUT)","TRM59900.00","TRIMBLE ALLOY"
"LLIV00ESP","13436M001","active","Spain (ESP)","LEIAR25.R4","LEICA GR50"
"LODZ00POL","12226M001","active","Poland (POL)","TRM59900.00","TRIMBLE ALLOY"
"LOV600SWE","10434M002","active","Sweden (SWE)","TPSCR.G5","TRIMBLE ALLOY"
"LPAL00ESP","81701M001","active","Spain (ESP)","LEIAR20","LEICA GR50"
"LROC00FRA","10023M001","active","France (FRA)","ASH701945B_M","LEICA GR25"
"M0SE00ITA","12772M001","active","Italy (ITA)","LEIAR25.R4","LEICA GR50"
"MAD200ESP","13407S012","active","Spain (ESP)","AOAD/M_T","ASHTECH Z-XII3T"
"MADR00ESP","13407S012","active","Spain (ESP)","AOAD/M_T","JAVAD TRE_G3TH DELTA"
"MAH100IRL","13629M002","active","Ireland (IRL)","LEIAR20","LEICA GR50"
"MALA00ESP","13443M001","active","Spain (ESP)","LEIAR25.R4","LEICA GR25"
"MALL00ESP","13444M001","active","Spain (ESP)","LEIAR20","LEICA GR50"
"MAN200FRA","10091M002","active","France (FRA)","TRM57971.00","TRIMBLE NETR9"
"MANS00FRA","10091M001","decommissioned","France (FRA)","LEIAT303","LEICA SR530"
"MAR600SWE","10405M002","active","Sweden (SWE)","JAVRINGANT_DM","SEPT POLARX5"
"MAR700SWE","10405M003","active","Sweden (SWE)","LEIAR25.R3","TRIMBLE ALLOY"
"MARJ00CZE","11517M001","decommissioned","Czechia (CZE)","ASH701946.2","TPS NET-G3A"
"MARP00UKR","15556M001","active","Ukraine (UKR)","LEIAR10","LEICA GR10"
"MARS00FRA","10073M008","active","France (FRA)","TRM57971.00","LEICA GR50"
"MAS100ESP","31303M002","active","Spain (ESP)","LEIAR25.R4","SEPT POLARX5"
"MAT100ITA","12734M009","active","Italy (ITA)","LEIAR20","LEICA GR30"
"MATE00ITA","12734M008","active","Italy (ITA)","LEIAR20","LEICA GR30"
"MATG00ITA","12734M010","active","Italy (ITA)","LEIAR25","LEICA GR10"
"MDEU00ITA","18899M002","active","Italy (ITA)","LEIAR20","LEICA GR30"
"MDOR00FRA","10018M001","decommissioned","France (FRA)","TRM55971.00","TRIMBLE NETR5"
"MDVJ00RUS","12309M005","active","Russian Federation (the) (RUS)","JPSREGANT_DD_E1","TPS NETG3"
"MDVO00RUS","12309M002","decommissioned","Russian Federation (the) (RUS)","TRM14532.10","TRIMBLE 4000SSE"
"MEDI00ITA","12711M003","active","Italy (ITA)","LEIAR20","LEICA GR10"
"MELI00ESP","19379M001","active","Spain (ESP)","LEIAR25.R4","LEICA GR50"
"MERS00TUR","20814M001","active","Turkey (TUR)","LEIAR10","LEICA GR50"
"MET300FIN","10503M010","active","Finland (FIN)","JAVRINGANT_DM","JAVAD TRE_3 DELTA"
"METG00FIN","10503M002","active","Finland (FIN)","TRM59800.00","SEPT POLARX5"
"METS00FIN","10503S011","decommissioned","Finland (FIN)","ASH700936C_M","JAVAD TRE_3 DELTA"
"MIK300FIN","10526M001","active","Finland (FIN)","JAVRINGANT_DM","JAVAD TRE_3 DELTA"
"MIKL00UKR","12335M001","active","Ukraine (UKR)","LEIAR20","LEICA GR50"
"MILO00ITA","12758M001","decommissioned","Italy (ITA)","TRM29659.00","TRIMBLE 4000SSI"
"MKRS00UKR","15599M001","inactive","Ukraine (UKR)","NOV702GG","NOV OEMV3"
"MLHD00IRL","13640M001","active","Ireland (IRL)","LEIAR20","LEICA GR50"
"MLVL00FRA","10092M001","active","France (FRA)","TRM57971.00","LEICA GR50"
"MMET00ITA","14681M001","active","Italy (ITA)","LEIAR20","LEICA GR30"
"MNKW00BLR","14802M002","active","Belarus (BLR)","LEIAT504GG","LEICA GR30"
"MNSK00BLR","14802M001","active","Belarus (BLR)","TPSCR.G3","LEICA GR30"
"MOGI00BLR","14807M001","active","Belarus (BLR)","LEIAR25.R4","LEICA GR30"
"MOP200SVK","11507M002","active","Slovakia (SVK)","TRM55971.00","TRIMBLE ALLOY"
"MOPI00SVK","11507M001","active","Slovakia (SVK)","TRM14532.00","TRIMBLE NETR9"
"MOPS00ITA","12791M001","active","Italy (ITA)","LEIAR10","LEICA GR30"
"MORP00GBR","13299S001","active","United Kingdom of Great Britain and Northern Ireland (the) (GBR)","AOAD/M_T","TRIMBLE NETR8"
"MSEL00ITA","12711M008","active","Italy (ITA)","LEIAR25.R4","LEICA GR50"
"MUK200UKR","15599M002","active","Ukraine (UKR)","TRM55971.00","TRIMBLE NETR9"
"NABG00NOR","10338M008","active","Norway (NOR)","TRM59900.00","TRIMBLE NETR9"
"NEWL00GBR","13273M103","decommissioned","United Kingdom of Great Britain and Northern Ireland (the) (GBR)","TRM59900.00","TRIMBLE NETR9"
"NICO00CYP","14302M001","active","Cyprus (CYP)","LEIAR25.R4","LEICA GR50"
"NOA100GRC","12620M001","active","Greece (GRC)","LEIAT504","TRIMBLE NETRS"
"NOR700SWE","10410M003","active","Sweden (SWE)","LEIAR25.R3","TRIMBLE ALLOY"
"NOT100ITA","12717M004","active","Italy (ITA)","LEIAR20","LEICA GR30"
"NOTO00ITA","12717M003","decommissioned","Italy (ITA)","TRM29659.00","TRIMBLE 4000SSI"
"NOVP00BLR","14801M001","active","Belarus (BLR)","LEIAR25.R4","LEICA GR30"
"NPAZ00SRB","12110M001","active","Serbia (SRB)","TRM115000.00","TRIMBLE NETR9"
"NPLD00GBR","13234M003","decommissioned","United Kingdom of Great Britain and Northern Ireland (the) (GBR)","AOAD/M_T","ASHTECH Z-XII3T"
"NSSP00ARM","12312M001","decommissioned","Armenia (ARM)","ASH701945C_M","ASHTECH UZ-12"
"NYA100NOR","10317M003","active","Norway (NOR)","ASH701073.1","TRIMBLE NETR9"
"NYA200NOR","10317M008","active","Norway (NOR)","JAVRINGANT_G5T","SEPT POLARX5"
"NYAL00NOR","10317M001","active","Norway (NOR)","AOAD/M_B","TRIMBLE NETR9"
"NYIR00HUN","11208M001","decommissioned","Hungary (HUN)","LEIAT504GG","LEICA GRX1200GGPRO"
"OBE200DEU","14208M003","decommissioned","Germany (DEU)","AOAD/M_T","AOA BENCHMARK ACT"
"OBE400DEU","14208M007","active","Germany (DEU)","SEPCHOKE_B3E6","SEPT ASTERX4"
"OBER00DEU","14208M001","decommissioned","Germany (DEU)","AOAD/M_T","AOA SNR-8000 ACT"
"OBET00DEU","14208M004","decommissioned","Germany (DEU)","3S-02-TSADM","SEPT POLARX2"
"OLK200FIN","10518M002","active","Finland (FIN)","JAVRINGANT_DM","JAVAD TRE_3 DELTA"
"ONS100SWE","10402M007","active","Sweden (SWE)","LEIAR25.R3","TRIMBLE ALLOY"
"ONSA00SWE","10402M004","active","Sweden (SWE)","AOAD/M_B","SEPT POLARX5TR"
"ORID00MKD","15601M001","active","North Macedonia (MKD)","LEIAR25.R4","LEICA GR30"
"ORIV00FIN","10527M001","active","Finland (FIN)","JAVRINGANT_DM","JAVAD TRE_3 DELTA"
"OROS00HUN","11207M001","active","Hungary (HUN)","LEIAR20","LEICA GR50"
"ORTE00ITA","14602M001","active","Italy (ITA)","LEIAR20","LEICA GR30"
"OSJE00HRV","11902M001","decommissioned","Croatia (HRV)","TRM55971.00","TRIMBLE NETR5"
"OSK600SWE","10435M002","active","Sweden (SWE)","TPSCR.G5","TRIMBLE ALLOY"
"OSLO00NOR","10307M001","decommissioned","Norway (NOR)","TRM29659.00","TRIMBLE 4000SSI"
"OSLS00NOR","10307M001","active","Norway (NOR)","TRM55971.00","LEICA GR50"
"OST600SWE","10436M002","active","Sweden (SWE)","TPSCR.G5","TRIMBLE ALLOY"
"OUL200FIN","10519M002","active","Finland (FIN)","JAVRINGANT_DM","JAVAD TRE_3 DELTA"
"OVE600SWE","10437M002","active","Sweden (SWE)","LEIAR25.R3","TRIMBLE ALLOY"
"PADO00ITA","12750S001","active","Italy (ITA)","STXSA1500","STONEX SC2200"
"PALB00ITA","14603M001","active","Italy (ITA)","LEIAR20","LEICA GR30"
"PASA00ESP","19351S001","active","Spain (ESP)","LEIAR20","LEICA GR30"
"PAT000GRC","12622M001","active","Greece (GRC)","ASH700936E","TPS NET-G3A"
"PDEL00PRT","31906M004","active","Portugal (PRT)","TRM159900.00","TRIMBLE ALLOY"
"PEN200HUN","11206M007","active","Hungary (HUN)","LEIAR20","LEICA GR50"
"PENC00HUN","11206M006","active","Hungary (HUN)","LEIAT504GG","LEICA GRX1200GGPRO"
"PFA200AUT","11005M003","active","Austria (AUT)","TPSCR3_GGD","LEICA GRX1200+GNSS"
"PFA300AUT","11005M004","active","Austria (AUT)","LEIAR25.R3","LEICA GR30"
"PFAN00AUT","11005S002","decommissioned","Austria (AUT)","ASH701945C_M","ASHTECH UZ-12"
"PINS00BLR","14808M001","active","Belarus (BLR)","LEIAR10","LEICA GR30"
"PLND00SRB","12111M001","decommissioned","Serbia (SRB)","TRM115000.00","TRIMBLE NETR9"
"PLYM00GBR","13229S001","decommissioned","United Kingdom of Great Britain and Northern Ireland (the) (GBR)","LEIAT504","LEICA RS500"
"PMTH00GBR","13229M001","active","United Kingdom of Great Britain and Northern Ireland (the) (GBR)","LEIAR25","SEPT POLARX5"
"POLV00UKR","12336M001","active","Ukraine (UKR)","LEIAR20","LEICA GR50"
"POPI00ITA","14670M001","active","Italy (ITA)","LEIAR20","LEICA GR30"
"PORE00HRV","11907M001","active","Croatia (HRV)","TRM115000.00","TRIMBLE ALLOY"
"POTS00DEU","14106M003","active","Germany (DEU)","JAVRINGANT_G5T","JAVAD TRE_3"
"POUS00CZE","11518M001","active","Czechia (CZE)","TPSCR3_GGD","TPS GB-1000"
"POZE00HRV","11908M001","active","Croatia (HRV)","TRM115000.00","TRIMBLE ALLOY"
"PPSH00NOR","81301M002","active","Norway (NOR)","LEIAR20","LEICA GR25"
"PRAT00ITA","12760M001","active","Italy (ITA)","LEIAR10","LEICA GR30"
"PRIJ00SRB","12131M001","active","Serbia (SRB)","TRM115000.00","TRIMBLE NETR9"
"PRYL00UKR","15502M001","active","Ukraine (UKR)","LEIAR10","LEICA GR50"
"PSTO00PRT","83401M001","active","Portugal (PRT)","LEIAR20","LEICA GRX1200+GNSS"
"PSTV00BLR","14809M001","active","Belarus (BLR)","LEIAR10","LEICA GR30"
"PTBB00DEU","14234M001","active","Germany (DEU)","LEIAR25.R4","SEPT POLARX5TR"
"PULA00HRV","11903S001","decommissioned","Croatia (HRV)","TRM29659.00","TRIMBLE 4000SSI"
"PULK00RUS","12305M001","active","Russian Federation (the) (RUS)","TRM57971.00","TRIMBLE BD990"
"PUYV00FRA","10065M001","active","France (FRA)","TRM57971.00","LEICA GR50"
"PYHA00FIN","10528M001","active","Finland (FIN)","JAVRINGANT_DM","JAVAD TRE_3 DELTA"
"PZA200SVN","14506M002","active","Slovenia (SVN)","LEIAR20","LEICA GR30"
"QAQ100GRL","43007M001","active","Greenland (GRL)","ASH701945E_M","SEPT POLARX5"
"RABT00MAR","35001M002","active","Morocco (MAR)","TRM29659.00","JAVAD TRE_3 DELTA"
"RAEG00PRT","31912M003","active","Portugal (PRT)","LEIAR20","LEICA GR50"
"RAH100UKR","15811M001","active","Ukraine (UKR)","TRM55971.00","TRIMBLE NETR9"
"RAMO00ISR","20703S001","active","Israel (ISR)","ASH701945B_M","JAVAD TRE_G3TH DELTA"
"RANT00DEU","10914M001","active","Germany (DEU)","LEIAR25.R4","JAVAD TRE_3S DELTA"
"REDU00BEL","13102M001","active","Belgium (BEL)","SEPCHOKE_B3E6","SEPT POLARX5TR"
"REDZ00POL","12227M001","active","Poland (POL)","TRM59900.00","TRIMBLE ALLOY"
"REYK00ISL","10202M001","active","Iceland (ISL)","LEIAR25.R4","LEICA GR50"
"RIGA00LVA","12302M002","active","Latvia (LVA)","LEIAR25.R4","LEICA GR25"
"RIO100ESP","13448M002","active","Spain (ESP)","LEIAR25.R4","LEICA GR25"
"RIOJ00ESP","13448M001","decommissioned","Spain (ESP)","TRM29659.00","TRIMBLE NETRS"
"RIVO00ITA","14611M001","active","Italy (ITA)","LEIAR20","LEICA GR30"
"ROM200FIN","10520M002","active","Finland (FIN)","JAVRINGANT_DM","JAVAD TRE_3 DELTA"
"ROVE00ITA","12774M001","active","Italy (ITA)","LEIAT504GG","LEICA GRX1200+GNSS"
"RVNE00UKR","15542M003","active","Ukraine (UKR)","LEIAR10","LEICA GR50"
"SABA00SRB","12112M001","active","Serbia (SRB)","TRM55971.00","TRIMBLE NETR5"
"SALA00ESP","13469M001","active","Spain (ESP)","LEIAR25","LEICA GR50"
"SART00ITA","18497M001","active","Italy (ITA)","LEIAR20","LEICA GR30"
"SAS200DEU","14281M002","active","Germany (DEU)","LEIAR25.R4","JAVAD TRE_3 DELTA"
"SASS00DEU","14281M001","decommissioned","Germany (DEU)","TPSCR3_GGD","JPS LEGACY"
"SAVU00FIN","10529M001","active","Finland (FIN)","JAVRINGANT_DM","JAVAD TRE_3 DELTA"
"SBG200AUT","11031M002","active","Austria (AUT)","LEIAR25.R3","LEICA GR30"
"SBGZ00AUT","11031S001","decommissioned","Austria (AUT)","TPSCR3_GGD","TPS E_GGD"
"SCIL00GBR","19201M001","active","United Kingdom of Great Britain and Northern Ireland (the) (GBR)","LEIAR10","SEPT POLARX5"
"SCOA00FRA","10088M002","active","France (FRA)","TRM55971.00","LEICA GR50"
"SCOR00GRL","43006M002","active","Greenland (GRL)","LEIAR20","SEPT POLARX5"
"SFER00ESP","13402M004","active","Spain (ESP)","LEIAR25","LEICA GR30"
"SHOE00GBR","19197M001","active","United Kingdom of Great Britain and Northern Ireland (the) (GBR)","TRM55971.00","TRIMBLE ALLOY"
"SID000SRB","12132M001","active","Serbia (SRB)","TRM115000.00","TRIMBLE NETR9"
"SJDV00FRA","10090M001","inactive","France (FRA)","TRM57971.00","TRIMBLE NETR9"
"SKE000SWE","10426M001","active","Sweden (SWE)","JAVRINGANT_DM","SEPT POLARX5"
"SKE800SWE","10426M002","active","Sweden (SWE)","TPSCR.G5","TRIMBLE ALLOY"
"SMI200DNK","10114M002","decommissioned","Denmark (DNK)","LEIAR25.R4","SEPT POLARX5"
"SMID00DNK","10114M001","decommissioned","Denmark (DNK)","ASH701941.B","SEPT POLARX5"
"SMLA00UKR","15503M001","active","Ukraine (UKR)","LEIAR10","LEICA GR50"
"SMNE00FRA","10001M007","decommissioned","France (FRA)","TRM55971.00","TRIMBLE NETR9"
"SNEC00CZE","11519M001","decommissioned","Czechia (CZE)","TPSCR3_GGD","TPS GB-1000"
"SNEO00GBR","19135M002","active","United Kingdom of Great Britain and Northern Ireland (the) (GBR)","LEIAR25","SEPT POLARX5"
"SNIK00ITA","14661M001","active","Italy (ITA)","STXSA1500","STONEX SC2200"
"SOD300FIN","10513M002","active","Finland (FIN)","JAVRINGANT_DM","JAVAD TRE_3 DELTA"
"SODA00FIN","10513M001","active","Finland (FIN)","AOAD/M_T","JAVAD TRE_3 DELTA"
"SOFI00BGR","11101M002","active","Bulgaria (BGR)","LEIAR25.R3","LEICA GR50"
"SONS00ESP","13446M001","active","Spain (ESP)","LEIAR20","LEICA GR50"
"SPRN00HUN","11227M001","active","Hungary (HUN)","LEIAT504GG","LEICA GRX1200GGPRO"
"SPT000SWE","10425M001","active","Sweden (SWE)","TRM59800.00","SEPT POLARX5TR"
"SPT700SWE","10425M002","active","Sweden (SWE)","LEIAR25.R3","TRIMBLE ALLOY"
"SRJV00BIH","11801S001","active","Bosnia and Herzegovina (BIH)","LEIAR25.R4","LEICA GR30"
"STAS00NOR","10330M001","active","Norway (NOR)","TRM55971.00","LEICA GR50"
"STAV00NOR","10330M001","decommissioned","Norway (NOR)","TRM29659.00","TRIMBLE 4000SSI"
"STNB00PRT","83402M001","active","Portugal (PRT)","LEIAR10","LEICA GR30"
"SUBO00SRB","12116M001","active","Serbia (SRB)","TRM41249.00","TRIMBLE NETR9"
"SUL500DNK","10113M002","active","Denmark (DNK)","LEIAR25.R4","SEPT POLARX5"
"SULD00DNK","10113M001","active","Denmark (DNK)","LEIAR25.R4","SEPT POLARX5"
"SULP00UKR","12366M001","active","Ukraine (UKR)","TPSCR.G5","TRIMBLE NETR9"
"SUN600SWE","10440M002","active","Sweden (SWE)","LEIAR20","TRIMBLE ALLOY"
"SUR400EST","10601M002","active","Estonia (EST)","LEIAR25.R4","LEICA GR50"
"SUUR00EST","10601M001","decommissioned","Estonia (EST)","LEIAT504GG","LEICA GRX1200GGPRO"
"SVE600SWE","10441M002","active","Sweden (SWE)","LEIAR25.R3","TRIMBLE ALLOY"
"SVLL00ITA","18492M001","active","Italy (ITA)","LEIAR20","LEICA GR30"
"SVTL00RUS","12350M001","active","Russian Federation (the) (RUS)","JAVRINGANT_DM","JAVAD TRE_3 DELTA"
"SWAS00GBR","19193M001","decommissioned","United Kingdom of Great Britain and Northern Ireland (the) (GBR)","LEIAR25","TRIMBLE ALLOY"
"SWKI00POL","12228M001","active","Poland (POL)","TRM59900.00","TRIMBLE ALLOY"
"TAR000ESP","19350M002","active","Spain (ESP)","LEIAR20","LEICA GR25"
"TARI00ESP","19350M001","decommissioned","Spain (ESP)","LEIAR20","LEICA GR25"
"TARS00ITA","12773S001","decommissioned","Italy (ITA)","LEIAT504","LEICA RS500"
"TEOS00ITA","14671M001","active","Italy (ITA)","LEIAR20","LEICA GR30"
"TER200UKR","15541M002","active","Ukraine (UKR)","TRM55971.00","TRIMBLE NETR9"
"TERC00PRT","31909M001","active","Portugal (PRT)","LEIAT504GG","LEICA GRX1200GGPRO"
"TERS00NLD","13534M001","active","Netherlands (the) (NLD)","LEIAR25.R4","SEPT POLARX5E"
"TERU00ESP","13487M001","active","Spain (ESP)","LEIAR20","LEICA GR50"
"THU100GRL","43001M001","decommissioned","Greenland (GRL)","AOAD/M_T","ROGUE SNR-12 RM"
"THU200GRL","43001M002","active","Greenland (GRL)","ASH701073.1","SEPT POLARX5"
"THU300GRL","43001M002","decommissioned","Greenland (GRL)","ASH701073.1","ASHTECH UZ-12"
"TIT200DEU","14278M002","active","Germany (DEU)","LEIAR25.R4","JAVAD TRE_3S DELTA"
"TLL100IRL","13630M002","active","Ireland (IRL)","LEIAR10","LEICA GR30"
"TLLG00IRL","13630M001","decommissioned","Ireland (IRL)","LEIAT504GG","LEICA GRX1200GGPRO"
"TLMF00FRA","10003M010","active","France (FRA)","TRM57971.00","LEICA GR50"
"TLSE00FRA","10003M009","active","France (FRA)","TRM59800.00","TRIMBLE ALLOY"
"TLSG00FRA","10003M034","active","France (FRA)","TRM59800.00","SEPT POLARX5TR"
"TOIL00EST","10605S001","active","Estonia (EST)","LEIAR25.R4","LEICA GR50"
"TOPP00ITA","14604M001","active","Italy (ITA)","LEIAR20","LEICA GR30"
"TOR100ESP","17018M001","active","Spain (ESP)","NOV702GG","SEPT ASTERX-M3"
"TOR200EST","10602M001","decommissioned","Estonia (EST)","LEIAR25.R4","LEICA GR25"
"TOR300EST","10602M002","active","Estonia (EST)","LEIAR25.R4","LEICA GR50"
"TORA00EST","10602S001","decommissioned","Estonia (EST)","LEIAT504GG","LEICA GRX1200GGPRO"
"TORI00ITA","12724M002","active","Italy (ITA)","LEIAR25.R3","LEICA GR30"
"TORN00FIN","10530M001","active","Finland (FIN)","JAVRINGANT_DM","JAVAD TRE_3 DELTA"
"TOUL00FRA","10003M004","decommissioned","France (FRA)","AOAD/M_T","ROGUE SNR-12 RM"
"TRAB00TUR","20808M001","decommissioned","Turkey (TUR)","ASH700936D_M","ASHTECH Z-XII3"
"TRDS00NOR","10331M001","active","Norway (NOR)","TRM55971.00","TRIMBLE NETR9"
"TREU00ITA","14672M001","active","Italy (ITA)","LEIAR20","LEICA GR30"
"TRF200AUT","11047M002","active","Austria (AUT)","LEIAR25.R3","LEICA GR30"
"TRFB00AUT","11047M001","decommissioned","Austria (AUT)","LEIAT504","LEICA SR520"
"TRMI00ITA","14673M001","active","Italy (ITA)","LEIAR20","LEICA GR30"
"TRO100NOR","10302M006","active","Norway (NOR)","TRM59800.00","TRIMBLE NETR9"
"TROM00NOR","10302M003","decommissioned","Norway (NOR)","AOAD/M_B","AOA BENCHMARK ACT"
"TRON00NOR","10331M001","decommissioned","Norway (NOR)","TRM29659.00","TRIMBLE 4000SSI"
"TUBI00TUR","20806M001","active","Turkey (TUR)","TRM29659.00","TRIMBLE 5700"
"TUBO00CZE","11503M001","active","Czechia (CZE)","LEIAR25.R4","LEICA GR30"
"TUC200GRC","12617M003","active","Greece (GRC)","LEIAR25.R3","LEICA GRX1200+GNSS"
"TUO200FIN","10521M002","active","Finland (FIN)","JAVRINGANT_DM","JAVAD TRE_3 DELTA"
"UBEN00ITA","14663M001","active","Italy (ITA)","LEIAR20","LEICA GR30"
"UCAG00ITA","12702M003","active","Italy (ITA)","LEIAR25","LEICA GR10"
"UME600SWE","10442M002","active","Sweden (SWE)","TPSCR.G5","TRIMBLE ALLOY"
"UNPG00ITA","12752M001","active","Italy (ITA)","TPSCR.G5","TPS NET-G5"
"UNTR00ITA","12785M001","active","Italy (ITA)","TPSCR.G5","TPS NET-G5"
"UPAD00ITA","12750M002","decommissioned","Italy (ITA)","TRM29659.00","TRIMBLE 4000SSI"
"USAL00ITA","19527M001","active","Italy (ITA)","LEIAR20","LEICA GR30"
"USDL00POL","12229M001","active","Poland (POL)","TRM59900.00","TRIMBLE ALLOY"
"UZHL00UKR","12301M001","active","Ukraine (UKR)","NOV702GG","NOV OEMV3"
"VAA200FIN","10511M002","active","Finland (FIN)","JAVRINGANT_DM","JAVAD TRE_3 DELTA"
"VAAS00FIN","10511M001","active","Finland (FIN)","ASH700936A_M","JAVAD TRE_3 DELTA"
"VACO00CZE","11516M001","active","Czechia (CZE)","ASH701946.2","TPS NETG3"
"VAE600SWE","10443M002","active","Sweden (SWE)","TPSCR.G5","TRIMBLE ALLOY"
"VAIN00LVA","10736M001","active","Latvia (LVA)","LEIAR20","LEICA GR30"
"VALA00ESP","13463M002","active","Spain (ESP)","LEIAR25.R3","LEICA GR30"
"VALE00ESP","13439M001","active","Spain (ESP)","LEIAR25.R3","LEICA GR50"
"VARD00NOR","10322M002","decommissioned","Norway (NOR)","TRM29659.00","TRIMBLE 4000SSI"
"VARS00NOR","10322M002","active","Norway (NOR)","TRM59800.00","TRIMBLE NETR9"
"VEN100ITA","19513M001","active","Italy (ITA)","LEIAR20","LEICA GR30"
"VENE00ITA","12741M001","decommissioned","Italy (ITA)","ASH701941.B","ASHTECH Z18"
"VFCH00FRA","10046M001","active","France (FRA)","TRM57971.00","LEICA GR50"
"VIGI00ITA","14684M001","active","Italy (ITA)","LEIAR25","LEICA GR10"
"VIGN00ITA","14605M001","active","Italy (ITA)","LEIAR20","LEICA GR30"
"VIGO00ESP","13450M001","active","Spain (ESP)","TRM59900.00","TRIMBLE NETR9"
"VIL000SWE","10424M001","active","Sweden (SWE)","JNSCR_C146-22-1","SEPT POLARX5"
"VIL600SWE","10424M002","active","Sweden (SWE)","TPSCR.G5","TRIMBLE ALLOY"
"VILL00ESP","13406M001","active","Spain (ESP)","SEPCHOKE_B3E6","SEPT POLARX5"
"VIR200FIN","10522M002","active","Finland (FIN)","JAVRINGANT_DM","JAVAD TRE_3 DELTA"
"VIRG00ITA","14628M001","active","Italy (ITA)","LEIAR20","LEICA GR30"
"VIS000SWE","10423M001","active","Sweden (SWE)","AOAD/M_T","SEPT POLARX5"
"VIS600SWE","10423M002","active","Sweden (SWE)","TPSCR.G5","TRIMBLE ALLOY"
"VITR00BLR","14805M001","active","Belarus (BLR)","LEIAT504GG","LEICA GR30"
"VLFR00ITA","14610M001","active","Italy (ITA)","LEIAR20","LEICA GR30"
"VLIS00NLD","13538M001","active","Netherlands (the) (NLD)","LEIAR25.R4","LEICA GR50"
"VLN100IRL","13626M002","active","Ireland (IRL)","LEIAR20","LEICA GR50"
"VLNS00LTU","10801M001","active","Lithuania (LTU)","LEIAR25.R4","LEICA GRX1200+GNSS"
"VNRS00UKR","18101M001","decommissioned","Ukraine (UKR)","NOV702GG","NOV OEMV3"
"VTRB00ITA","14606M001","active","Italy (ITA)","LEIAR20","LEICA GR30"
"WARE00BEL","13114M001","active","Belgium (BEL)","TRM59800.00","SEPT POLARX5"
"WARN00DEU","14277M002","active","Germany (DEU)","LEIAR25.R4","JAVAD TRE_3 DELTA"
"WETT00DEU","14201M009","decommissioned","Germany (DEU)","AOAD/M_B","ROGUE SNR-800"
"WRLG00DEU","14201M024","active","Germany (DEU)","LEIAR25.R3","LEICA GR50"
"WROC00POL","12217M001","active","Poland (POL)","LEIAR25.R4","LEICA GR30"
"WSRT00NLD","13506M005","active","Netherlands (the) (NLD)","LEIAR25.R4","SEPT POLARX5"
"WTZA00DEU","14201M013","active","Germany (DEU)","ASH700936C_M","SEPT POLARX2"
"WTZR00DEU","14201M010","active","Germany (DEU)","LEIAR25.R3","LEICA GR50"
"WTZS00DEU","14201M015","active","Germany (DEU)","LEIAR25.R3","SEPT POLARX5TR"
"WTZZ00DEU","14201M014","active","Germany (DEU)","LEIAR25.R3","JAVAD TRE_3 DELTA"
"WUTH00NOR","81301M001","active","Norway (NOR)","SEPCHOKE_B3E6","SEPT POLARX5S"
"YEBE00ESP","13420M001","active","Spain (ESP)","LEIAR20","LEICA GR50"
"YLDZ00TUR","20815M001","active","Turkey (TUR)","AERAT1675_120","ASHTECH PF800"
"ZADA00HRV","11905M001","active","Croatia (HRV)","TRM115000.00","TRIMBLE ALLOY"
"ZARA00ESP","13462M001","active","Spain (ESP)","TRM29659.00","TRIMBLE NETR9"
"ZECK00RUS","12351M001","active","Russian Federation (the) (RUS)","JAVRINGANT_DM","JAVAD TRE_3 DELTA"
"ZIM200CHE","14001M008","active","Switzerland (CHE)","TRM59800.00","LEICA GR50"
"ZIMM00CHE","14001M004","active","Switzerland (CHE)","TRM29659.00","LEICA GR50"
"ZOUF00ITA","12763M001","active","Italy (ITA)","ASH701945C_M","TPS NET-G5"
"ZPRS00UKR","18102M001","decommissioned","Ukraine (UKR)","NOV702GG","NOV OEMV3"
"ZWEN00RUS","12330M001","decommissioned","Russian Federation (the) (RUS)","AOAD/M_T","AOA SNR-8000 ACT"
"ZYWI00POL","12220S001","active","Poland (POL)","TRM59900.00","TRIMBLE ALLOY"
"ZZON00HUN","11212M002","active","Hungary (HUN)","LEIAR20","LEICA GR30"